drv_trade_floor_broker_id,drv_trade_client_account_execution_id,charge,rule
1,265689,70,N vs N
1,266290,35,N vs N
1,266494,48.09,N vs N
1,270980,350,N vs N
1,277699,31.5,N vs N
1,278238,2.6642857142857146,N vs N
1,281545,0.049999999999999996,N vs N
1,278524,-0.26166666666666666,N vs N
1,281556,35,N vs N