drv_trade_floor_broker_id,drv_trade_client_account_execution_id,charge
14,319922,109.971
14,319923,12.219000000000001
14,319924,13.707
14,319926,1.5230000000000001
14,308157,-32.57222222222222
14,308159,-3.1777777777777776
14,308161,85.95445544554455
14,308163,9.445544554455445
14,308475,28.45298375184638
14,308476,3.177016248153619
14,309376,-9.657543859649124
14,309378,-0.1724561403508772
14,309402,28.086965265082267
14,309404,0.5230347349177331
14,314437,21
14,314481,14